latitude,longitude,capacity,fixed_cost,var_cost,facility_id
42.045472746314125,-72.65102748882373,3856.0,174271.14924638256,17400.1866886471,fac1
42.40029291243649,-72.53271316380321,6617.0,301291.1492463825,30102.1866886471,fac2
42.37201595910135,-72.60979149715868,2561.0,114721.14924638254,11445.1866886471,fac3
42.42281362486034,-72.16235202913987,1207.0,52431.14924638255,5216.1866886471,fac4
42.27245637964681,-72.39674299888951,3354.0,151201.14924638256,15093.1866886471,fac5
42.12055855672611,-72.96848736911613,340.0,12551.149246382547,1228.1866886470996,fac6
42.27896859515499,-72.32771722318012,149.0,3761.149246382547,349.1866886470996,fac7
42.098384129164856,-72.20212100545857,887.0,37731.14924638255,3746.1866886471,fac8
42.210864560439006,-72.9671666616095,403.0,15451.149246382547,1518.1866886470996,fac9
42.451926710354016,-72.8726119754802,219.0,7001.149246382547,673.1866886470996,fac10
42.20189416085352,-72.55861820008883,5034.0,228481.14924638256,22821.1866886471,fac11
42.19280871108718,-72.54576866546398,6637.0,302231.1492463825,30196.1866886471,fac12
42.21581086776387,-72.54956922707024,654.0,27011.14924638255,2674.1866886471,fac13
42.4754781364883,-72.86316598771505,295.0,10481.149246382547,1021.1866886470996,fac14
42.28334165320082,-72.67595616353762,3966.0,179331.14924638256,17906.1866886471,fac15
42.00511601512016,-72.44629277188315,3623.0,163571.14924638256,16330.1866886471,fac16
42.21327836999225,-73.05459273358659,209.0,6531.149246382547,626.1866886470996,fac17
42.1173202310682,-72.7646249687615,2567.0,114991.14924638254,11472.1866886471,fac18
42.3217058026601,-72.15231429838305,339.0,12501.149246382547,1223.1866886470996,fac19
42.456426417201726,-72.7664820909661,200.0,6101.149246382547,583.1866886470996,fac20
42.184565333333744,-72.41547355087164,1467.0,64371.14924638255,6410.1866886471,fac21
42.09343532871071,-72.95936259846478,567.0,23011.14924638255,2274.1866886471,fac22
42.36236061072725,-72.65064333060796,1248.0,54341.14924638255,5407.1866886471,fac23
42.038452257146304,-72.40390013339322,1218.0,52931.14924638255,5266.1866886471,fac24
42.45420793301226,-72.16041922870687,255.0,8621.149246382547,835.1866886470996,fac25
42.36912625878625,-72.56565407445929,687.0,28491.14924638255,2822.1866886471,fac26
42.41229208439385,-72.70822888771495,355.0,13221.149246382547,1295.1866886470996,fac27
42.11771538965882,-72.52146086008295,8840.0,403561.1492463825,40329.186688647096,fac28
42.23118828677191,-72.78138587607414,622.0,25531.14924638255,2526.1866886471,fac29
42.360043079939494,-72.6783227231619,438.0,17081.14924638255,1681.1866886470996,fac30
42.509686621893444,-72.50528590348522,527.0,21161.14924638255,2089.1866886471,fac31
42.147414137799636,-72.55020004218146,4721.0,214061.14924638256,21379.1866886471,fac32
42.10363319525693,-72.36674693036484,2010.0,89391.14924638254,8912.1866886471,fac33
42.4319812048574,-72.64638153496011,3559.0,160631.14924638256,16036.1866886471,fac34
42.256546282729985,-72.6444829080682,2345.0,104791.14924638254,10452.1866886471,fac35
42.32465503661617,-72.74434673341867,2345.0,104791.14924638254,10452.1866886471,fac36
42.29405459081888,-72.64103798843179,225.0,7261.149246382547,699.1866886470996,fac37
42.42114648810809,-72.63915112395078,99.0,1461.1492463825473,119.18668864709957,fac38
42.38773934665011,-72.1006100501076,491.0,19481.14924638255,1921.1866886470996,fac39
42.16425576747659,-72.2443764354138,1952.0,86711.14924638254,8644.1866886471,fac40
42.48027045190832,-72.85898354539891,233.0,7631.149246382547,736.1866886470996,fac41
42.173234374181895,-72.83657431116409,379.0,14331.149246382547,1406.1866886470996,fac42
42.531761588121014,-72.35381196791363,413.0,15931.149246382547,1566.1866886470996,fac43
42.21378929648264,-72.71941295156635,1428.0,62591.14924638255,6232.1866886471,fac44
42.36985858608266,-72.15171645954156,182.0,5261.149246382547,499.1866886470996,fac45
42.18051113922927,-72.55570506967778,3941.0,178181.14924638256,17791.1866886471,fac46
42.02093963620662,-72.81830287443624,2205.0,98351.14924638254,9808.1866886471,fac47
42.28213318321053,-72.28995325568833,262.0,8961.149246382547,869.1866886470996,fac48
42.253266457697976,-72.37897234479587,681.0,28241.14924638255,2797.1866886471,fac49
42.13102770261419,-72.17987957909091,502.0,19981.14924638255,1971.1866886470996,fac50
42.388600856834906,-72.2351027310093,2392.0,106951.14924638254,10668.1866886471,fac51
42.247116354717484,-72.2676759067473,765.0,32091.14924638255,3182.1866886471,fac52
42.38689843325242,-72.87294303788707,129.0,2831.149246382547,256.1866886470996,fac53
42.10474672571681,-72.80101438742315,9175.0,418951.1492463825,41868.186688647096,fac54
42.129640728754794,-72.79294506780283,171.0,4781.149246382547,451.1866886470996,fac55
42.346823130530616,-72.6554168254409,203.0,6241.149246382547,597.1866886470996,fac56
42.0201776884194,-72.59211947688483,6312.0,287241.1492463825,28697.1866886471,fac57
42.25724238279177,-72.2787433353487,370.0,13931.149246382547,1366.1866886470996,fac58
42.4026917874833,-72.68426513466153,160.0,4281.149246382547,401.1866886470996,fac59
42.36596352150777,-72.1896833138291,176.0,5021.149246382547,475.1866886470996,fac60
42.076333169563,-72.36479030301828,3294.0,148431.14924638256,14816.1866886471,fac61
42.425562185508106,-72.83897903224937,623.0,25581.14924638255,2531.1866886471,fac62
42.140858462811146,-72.77855006178896,104.0,1711.1492463825473,144.18668864709957,fac63
42.33160929529712,-72.87340287402792,367.0,13781.149246382547,1351.1866886470996,fac64
42.176130597358956,-72.6299920100953,599.0,24471.14924638255,2420.1866886471,fac65
42.1289842856033,-72.51233603009777,5253.0,238551.14924638256,23828.1866886471,fac66
42.03070197995259,-72.60847462097733,2666.0,119561.14924638254,11929.1866886471,fac67
42.0361505420021,-72.61769482597994,3568.0,161021.14924638256,16075.1866886471,fac68
42.11553821516799,-72.63560222418832,2606.0,116771.14924638254,11650.1866886471,fac69
42.04854373813578,-72.62189513128189,5973.0,271691.1492463825,27142.1866886471,fac70
42.106326301826755,-72.55598413233693,6697.0,304981.1492463825,30471.1866886471,fac71
42.16160405558363,-72.59154514473127,3316.0,149451.14924638256,14918.1866886471,fac72
42.10711295454366,-72.51018964136391,3066.0,137961.14924638256,13769.1866886471,fac73
42.09158731254676,-72.52597343455827,645.0,26561.14924638255,2629.1866886471,fac74
42.06923045480848,-72.46555880380333,1601.0,70561.14924638254,7029.1866886471,fac75
42.19637442206776,-72.49871027039559,2056.0,91471.14924638254,9120.1866886471,fac76
42.44050168152461,-73.33401930673331,9757.0,445731.1492463825,44546.186688647096,fac77
42.63898219153268,-73.06697130885584,1870.0,82941.14924638254,8267.1866886471,fac78
42.13632076469438,-73.32936310752872,268.0,9221.149246382547,895.1866886470996,fac79
42.32581644108755,-73.11894949656872,623.0,25581.14924638255,2531.1866886471,fac80
42.56359309212145,-73.25316539041918,119.0,2401.149246382547,213.18668864709957,fac81
42.547426104742286,-73.1644810387628,767.0,32201.14924638255,3193.1866886471,fac82
42.43755659119514,-73.13331824391169,1564.0,68841.14924638254,6857.1866886471,fac83
42.28265809449993,-73.40067224515586,112.0,2061.149246382547,179.18668864709957,fac84
42.22491387704909,-73.35374452310147,1945.0,86401.14924638254,8613.1866886471,fac85
42.377265733431585,-73.05953922933276,650.0,26821.14924638255,2655.1866886471,fac86
42.218902918522964,-73.43019397212115,377.0,14261.149246382547,1399.1866886470996,fac87
42.58923416932067,-73.34138603244777,633.0,26031.14924638255,2576.1866886471,fac88
42.33274021104385,-73.17746610765924,1356.0,59291.14924638255,5902.1866886471,fac89
42.334046747925406,-73.30094768431601,1060.0,45681.14924638255,4541.1866886471,fac90
42.32820197555819,-73.27684498289925,195.0,5861.149246382547,559.1866886470996,fac91
42.39910598635891,-73.05599479791645,150.0,3831.149246382547,356.1866886470996,fac92
42.147677899542586,-73.27781704802952,121.0,2471.149246382547,220.18668864709957,fac93
42.16772301314897,-73.1834572439904,274.0,9511.149246382547,924.1866886470996,fac94
42.677898719482734,-73.08331194004954,3454.0,155811.14924638256,15554.1866886471,fac95
42.247998020134524,-73.07742525033039,259.0,8841.149246382547,857.1866886470996,fac96
42.42878410795246,-73.3949686634677,288.0,10171.149246382547,990.1866886470996,fac97
42.159157715528195,-73.11226781491955,286.0,10061.149246382547,979.1866886470996,fac98
42.62221188573314,-72.99132570773298,240.0,7951.149246382547,768.1866886470996,fac99
42.182544783192945,-73.34774866885815,531.0,21321.14924638255,2105.1866886471,fac100
42.212468193991505,-73.50690613498384,198.0,6031.149246382547,576.1866886470996,fac101
42.10182192098712,-73.26210961811697,210.0,6551.149246382547,628.1866886470996,fac102
42.31394704984457,-73.38048501027913,185.0,5421.149246382547,515.1866886470996,fac103
42.309101102442725,-73.29561584746278,311.0,11201.149246382547,1093.1866886470996,fac104
42.18933033186565,-73.19913545553257,137.0,3211.149246382547,294.1866886470996,fac105
42.364763288218604,-73.35487462153085,374.0,14101.149246382547,1383.1866886470996,fac106
42.70640937254223,-73.17842905545871,1778.0,78681.14924638254,7841.1866886471,fac107
42.44480211243395,-72.95391844606836,265.0,9111.149246382547,884.1866886470996,fac108
42.604587684173644,-72.59782625351848,3922.0,177321.14924638256,17705.1866886471,fac109
42.52298641581889,-72.75161871885341,370.0,13911.149246382547,1364.1866886470996,fac110
42.628301458238134,-72.15532494492403,3024.0,136011.14924638256,13574.1866886471,fac111
42.65946763518389,-72.64691737738995,643.0,26471.14924638255,2620.1866886471,fac112
42.692125388892556,-72.80612098076806,117.0,2281.149246382547,201.18668864709957,fac113
42.62597603575557,-72.94199469939656,390.0,14861.149246382547,1459.1866886470996,fac114
42.764336228285,-72.6824416157836,479.0,18941.14924638255,1867.1866886470996,fac115
42.51874501107273,-72.6760851081358,512.0,20441.14924638255,2017.1866886470996,fac116
42.556606878127084,-72.62842983814203,366.0,13741.149246382547,1347.1866886470996,fac117
42.643803412007365,-72.99784121779702,109.0,1931.1492463825473,166.18668864709957,fac118
42.66739060011761,-72.40327295916036,392.0,14951.149246382547,1468.1866886470996,fac119
42.65487132470423,-72.86459269888987,195.0,5861.149246382547,559.1866886470996,fac120
42.56612025995152,-72.47747819571703,126.0,2691.149246382547,242.18668864709957,fac121
42.44678259618941,-72.54314210355405,395.0,15061.149246382547,1479.1866886470996,fac122
42.68594634554261,-72.93793436431628,111.0,2021.1492463825473,175.18668864709957,fac123
42.46237710434046,-72.53931095255244,552.0,22291.14924638255,2202.1866886471,fac124
42.5954224719789,-72.54308300366488,439.0,17111.14924638255,1684.1866886470996,fac125
42.46710762968477,-72.31694495180297,295.0,10461.149246382547,1019.1866886470996,fac126
42.708405963758544,-72.29020332843741,740.0,30961.14924638255,3069.1866886471,fac127
42.56307763873673,-72.20394257255747,1772.0,78441.14924638254,7817.1866886471,fac128
42.486491906292756,-72.23301588454889,350.0,13031.149246382547,1276.1866886470996,fac129
42.6910817607649,-72.87716423945615,231.0,7541.149246382547,727.1866886470996,fac130
42.6437126855774,-72.18900557792739,392.0,14921.149246382547,1465.1866886470996,fac131
42.530804803068854,-72.69573582348183,930.0,39671.14924638255,3940.1866886471,fac132
42.376963432134765,-72.58982321154187,1147.0,49691.14924638255,4942.1866886471,fac133
42.438941351802285,-72.5733145971484,885.0,37621.14924638255,3735.1866886471,fac134
42.55497935736862,-72.64877076624609,1182.0,51281.14924638255,5101.1866886471,fac135
42.726250937053024,-72.34490815499836,264.0,9071.149246382547,880.1866886470996,fac136
42.58365559739558,-72.34062999925403,272.0,9441.149246382547,917.1866886470996,fac137
42.536037416662985,-71.86976942158304,8940.0,408171.1492463825,40790.186688647096,fac138
42.78313018982573,-71.94851381989307,1461.0,64121.14924638255,6385.1866886471,fac139
42.7188502366237,-71.84943033030784,792.0,33351.14924638255,3308.1866886471,fac140
42.5656039681683,-71.62052787151885,1766.0,78141.14924638254,7787.1866886471,fac141
42.460229601792385,-71.6753159279203,520.0,20841.14924638255,2057.1866886471,fac142
42.52254003351913,-72.12431949571463,826.0,34891.14924638255,3462.1866886471,fac143
42.53154975846228,-72.07695116944355,243.0,8091.149246382547,782.1866886470996,fac144
42.58864845982001,-72.09432935319246,4573.0,207251.14924638256,20698.1866886471,fac145
42.67992502033193,-71.58632832341632,2552.0,114281.14924638254,11401.1866886471,fac146
42.587326838716905,-71.65401409986391,1121.0,48461.14924638255,4819.1866886471,fac147
42.55528263905906,-72.03935475214683,1116.0,48231.14924638255,4796.1866886471,fac148
42.508313009915135,-71.73715398130119,9146.0,417621.1492463825,41735.186688647096,fac149
42.47915613641054,-71.49530187174935,2282.0,101861.14924638254,10159.1866886471,fac150
42.642740841202325,-71.7392773937115,2571.0,115171.14924638254,11490.1866886471,fac151
42.766852565635695,-71.71941055936658,2724.0,122201.14924638254,12193.1866886471,fac152
42.49275089251042,-71.70353816107557,1752.0,77481.14924638254,7721.1866886471,fac153
42.55438367733869,-71.59575168550178,152.0,3911.149246382547,364.1866886470996,fac154
42.499020799510575,-72.07082870604745,975.0,41771.14924638255,4150.1866886471,fac155
42.6669897876914,-71.62125926812033,1760.0,77851.14924638254,7758.1866886471,fac156
42.47585754162191,-71.89158116201008,1780.0,78811.14924638254,7854.1866886471,fac157
42.66061066486758,-71.78375483001768,484.0,19181.14924638255,1891.1866886470996,fac158
42.72782369028352,-72.0236070589537,2445.0,109401.14924638254,10913.1866886471,fac159
42.13494705922731,-71.84502188108463,3705.0,167341.14924638256,16707.1866886471,fac160
42.35128088440256,-71.64106110272314,784.0,32971.14924638255,3270.1866886471,fac161
42.01402250252013,-71.51057303329067,2106.0,93781.14924638254,9351.1866886471,fac162
42.321845518987686,-71.77798789894686,1097.0,47381.14924638255,4711.1866886471,fac163
42.14507303871181,-72.14310910700978,840.0,35561.14924638255,3529.1866886471,fac164
42.10424000651529,-71.99314795699826,3038.0,136651.14924638256,13638.1866886471,fac165
42.52109295775549,-71.6952792967148,3122.0,140501.14924638256,14023.1866886471,fac166
42.18021475380835,-71.9647879517787,536.0,21551.14924638255,2128.1866886471,fac167
42.03216444345525,-71.74469275684996,2018.0,89741.14924638254,8947.1866886471,fac168
42.123853227141154,-72.08332276865158,950.0,40621.14924638255,4035.1866886471,fac169
42.2333900532289,-71.62851093299993,1623.0,71571.14924638254,7130.1866886471,fac170
42.3535999864672,-71.8338333897944,3523.0,158961.14924638256,15869.1866886471,fac171
42.0499507688001,-72.17513603802048,664.0,27451.14924638255,2718.1866886471,fac172
42.396916350604386,-72.003488881389,803.0,33851.14924638255,3358.1866886471,fac173
42.365300714476064,-71.65774024067883,1787.0,79091.14924638254,7882.1866886471,fac174
42.225966477278334,-71.98266938708265,1539.0,67691.14924638254,6742.1866886471,fac175
42.104702556844,-71.61760229433318,210.0,6591.149246382547,632.1866886470996,fac176
42.11439730507298,-71.7820764271093,3077.0,138471.14924638256,13820.1866886471,fac177
42.03993412727045,-71.58887226051444,800.0,33711.14924638255,3344.1866886471,fac178
42.3404303493116,-72.11571652908901,355.0,13261.149246382547,1299.1866886470996,fac179
42.27261385763205,-71.61909848184598,3365.0,151711.14924638256,15144.1866886471,fac180
42.124272829845395,-71.6650704514945,1461.0,64111.14924638255,6384.1866886471,fac181
42.326682445394326,-72.04200767698201,1130.0,48891.14924638255,4862.1866886471,fac182
42.277403516276046,-71.7606057214009,1739.0,76911.14924638254,7664.1866886471,fac183
42.19550910427951,-71.8870836996251,571.0,23161.14924638255,2289.1866886471,fac184
42.20732038855529,-71.92240007205487,2610.0,116961.14924638254,11669.1866886471,fac185
42.44824774644807,-71.84162329893597,843.0,35701.14924638255,3543.1866886471,fac186
42.27579202415343,-71.8783667587897,650.0,26821.14924638255,2655.1866886471,fac187
42.45477625445251,-71.97549150817679,1980.0,88001.14924638254,8773.1866886471,fac188
42.319338753664816,-71.81142148597199,8154.0,372011.1492463825,37174.186688647096,fac189
42.05906904252443,-72.09820497196667,3763.0,170021.14924638256,16975.1866886471,fac190
42.282610779930174,-71.77932187911297,1048.0,45111.14924638255,4484.1866886471,fac191
42.4591848342445,-71.67281175258113,138.0,3241.149246382547,297.1866886470996,fac192
42.14514227083821,-71.91407951462996,2685.0,120431.14924638254,12016.1866886471,fac193
42.544147690539695,-71.84794643842412,1851.0,82061.14924638254,8179.1866886471,fac194
42.031398846621336,-72.09118880188878,1308.0,57071.14924638255,5680.1866886471,fac195
42.182459944045924,-71.62457535945772,1808.0,80091.14924638254,7982.1866886471,fac196
42.037838994889086,-71.63561082762645,3141.0,141401.14924638256,14113.1866886471,fac197
42.083352081337765,-71.90848210766408,3782.0,170881.14924638256,17061.1866886471,fac198
42.02238407847468,-71.88146257961829,2641.0,118381.14924638254,11811.1866886471,fac199
42.085942604182435,-71.5652172540035,4231.0,191521.14924638256,19125.1866886471,fac200
42.25791477009016,-71.7639189435135,1765.0,78081.14924638254,7781.1866886471,fac201
42.232660382991,-72.13009343682674,1085.0,46841.14924638255,4657.1866886471,fac202
42.139785312963376,-71.75363962402733,2212.0,98651.14924638254,9838.1866886471,fac203
42.16182266288635,-71.7134185289214,2137.0,95191.14924638254,9492.1866886471,fac204
42.32205549307351,-71.88795933915212,5070.0,230151.14924638256,22988.1866886471,fac205
42.23013880865755,-71.86541685188357,4382.0,198461.14924638256,19819.1866886471,fac206
42.2873206165195,-71.7468012949858,8395.0,383061.1492463825,38279.186688647096,fac207
42.339826478430695,-71.77687700588261,6295.0,286481.1492463825,28621.1866886471,fac208
42.29547018896671,-71.71910829284994,4417.0,200111.14924638256,19984.1866886471,fac209
42.20931838818691,-71.88287401952687,1868.0,82821.14924638254,8255.1866886471,fac210
42.25445043513965,-71.80781152453771,1064.0,45861.14924638255,4559.1866886471,fac211
42.33834193944039,-71.81364825459023,4794.0,217431.14924638256,21716.1866886471,fac212
42.20391494215173,-71.77413670640667,4880.0,221381.14924638256,22111.1866886471,fac213
42.260986229285855,-71.88783810150974,587.0,23921.14924638255,2365.1866886471,fac214
42.27154666322455,-71.91937260729495,1157.0,50151.14924638255,4988.1866886471,fac215
42.29089811680833,-71.48221983916167,7177.0,327051.1492463825,32678.1866886471,fac216
42.30105550296021,-71.46610745473743,8744.0,399141.1492463825,39887.186688647096,fac217
42.47962258729743,-71.47282448396065,264.0,9051.149246382547,878.1866886470996,fac218
42.43521315464095,-71.48421077670105,1301.0,56761.14924638255,5649.1866886471,fac219
42.46819060723639,-71.44143841082882,5047.0,229061.14924638256,22879.1866886471,fac220
42.28004528355931,-71.48294758837793,3942.0,178251.14924638256,17798.1866886471,fac221
42.591856344846015,-71.28895826001518,3151.0,141851.14924638256,14158.1866886471,fac222
42.49107631076659,-71.28910205770897,540.0,21741.14924638255,2147.1866886471,fac223
42.420951637555916,-71.64406453751774,1244.0,54141.14924638255,5387.1866886471,fac224
42.59221989741028,-71.3818908058265,1228.0,53391.14924638255,5312.1866886471,fac225
42.41546666860254,-71.4152114075028,4249.0,192361.14924638256,19209.1866886471,fac226
42.31844946785321,-71.49176840716486,222.0,7101.149246382547,683.1866886470996,fac227
42.209186121269795,-71.4036141085854,3293.0,148391.14924638256,14812.1866886471,fac228
42.192320368724296,-71.50982506375709,1385.0,60621.14924638255,6035.1866886471,fac229
42.14637782990275,-71.58408272396032,3918.0,177131.14924638256,17686.1866886471,fac230
42.37559888532771,-71.50577590515176,4415.0,200021.14924638256,19975.1866886471,fac231
42.34603811940474,-71.56865552885147,8730.0,398511.1492463825,39824.186688647096,fac232
42.41076216682107,-71.42013647572689,2430.0,108691.14924638254,10842.1866886471,fac233
42.0577985633639,-71.61009317256999,1422.0,62301.14924638255,6203.1866886471,fac234
42.117816295029826,-71.49330313626848,6371.0,289981.1492463825,28971.1866886471,fac235
42.344244464100775,-71.39258280915443,7866.0,358761.1492463825,35849.186688647096,fac236
42.23734913171307,-71.37988570619298,1030.0,44311.14924638255,4404.1866886471,fac237
42.336829731241444,-71.50731841483707,2163.0,96411.14924638254,9614.1866886471,fac238
42.3917312164598,-71.29251992381501,1154.0,49991.14924638255,4972.1866886471,fac239
42.495553874896,-71.5107766280871,1643.0,72481.14924638254,7221.1866886471,fac240
42.41375364999953,-71.3889248710299,4249.0,192371.14924638256,19210.1866886471,fac241
42.32813481036996,-71.3355850067875,3155.0,142031.14924638256,14176.1866886471,fac242
42.50462794650836,-71.12181426832515,8866.0,404741.1492463825,40447.186688647096,fac243
42.51297138611787,-71.21228450152016,6103.0,277651.1492463825,27738.1866886471,fac244
42.63633384608873,-71.15407945909121,7878.0,359311.1492463825,35904.186688647096,fac245
42.55974613887052,-71.2885906575904,7222.0,329121.1492463825,32885.186688647096,fac246
42.62757439501374,-71.44226923996648,5691.0,258691.14924638256,25842.1866886471,fac247
42.61081777165908,-71.25827869703573,6895.0,314091.1492463825,31382.1866886471,fac248
42.669764697095985,-71.5048478077217,824.0,34811.14924638255,3454.1866886471,fac249
42.79306363335791,-71.09627190337802,5811.0,264201.1492463825,26393.1866886471,fac250
42.801414628628066,-71.19074683252596,5151.0,233851.14924638256,23358.1866886471,fac251
42.7732038971809,-70.93909284051193,1982.0,88101.14924638254,8783.1866886471,fac252
42.79369821871886,-71.06316552278348,1566.0,68951.14924638254,6868.1866886471,fac253
42.78943092519514,-71.05446532263663,3127.0,140731.14924638256,14046.1866886471,fac254
42.77130272664174,-71.1328681355766,1304.0,56881.14924638255,5661.1866886471,fac255
42.7460305187711,-71.10215772417534,10824.0,494821.1492463825,49455.186688647096,fac256
42.70011960842078,-71.21949107952395,5527.0,251171.14924638256,25090.1866886471,fac257
42.73173133919878,-71.13231772760066,11023.0,503971.1492463825,50370.186688647096,fac258
42.57649667022391,-71.1080647489137,6797.0,309571.1492463825,30930.1866886471,fac259
42.60323242587599,-71.26793987698427,3603.0,162661.14924638256,16239.1866886471,fac260
42.60726689281265,-71.44771429451217,6763.0,308011.1492463825,30774.1866886471,fac261
42.59204195649456,-71.32563075618468,7817.0,356471.1492463825,35620.186688647096,fac262
42.66673359508211,-71.36823803171579,6383.0,290521.1492463825,29025.1866886471,fac263
42.83231519648981,-71.05051396074015,1590.0,70051.14924638254,6978.1866886471,fac264
42.48877538600134,-71.27692904862539,2402.0,107381.14924638254,10711.1866886471,fac265
42.57231106914404,-71.4093932017951,2130.0,94871.14924638254,9460.1866886471,fac266
42.62233873262934,-71.11303225411962,3479.0,156961.14924638256,15669.1866886471,fac267
42.47985773727357,-71.17100842306205,5544.0,251921.14924638256,25165.1866886471,fac268
42.618297478131126,-71.26100715930127,6805.0,309931.1492463825,30966.1866886471,fac269
42.778701323077854,-71.4361724837083,2797.0,125581.14924638254,12531.1866886471,fac270
42.51572787184581,-70.96938098806251,5901.0,268351.1492463825,26808.1866886471,fac271
42.50706920223428,-71.38993756261647,5384.0,244571.14924638256,24430.1866886471,fac272
42.572409908751325,-71.24258188934459,5174.0,234921.14924638256,23465.1866886471,fac273
42.41925630943764,-71.1503992638536,5035.0,228531.14924638256,22826.1866886471,fac274
42.41378287348568,-71.01236039981204,556.0,22501.14924638255,2223.1866886471,fac275
42.46037082148786,-71.01097686812128,10884.0,497561.1492463825,49729.186688647096,fac276
42.574874779967686,-71.02392135277098,3852.0,174091.14924638256,17382.1866886471,fac277
42.50881873157977,-70.95745039342813,5436.0,246951.14924638256,24668.1866886471,fac278
42.52676024330487,-70.88346412491387,6227.0,283371.1492463825,28310.1866886471,fac279
42.415555761753396,-70.94562901715217,3413.0,153931.14924638256,15366.1866886471,fac280
42.35516504128772,-70.83870181309496,853.0,36171.14924638255,3590.1866886471,fac281
42.89998815884221,-70.97898969610365,3882.0,175491.14924638256,17522.1866886471,fac282
42.536584428666735,-70.75984916120369,9198.0,420001.1492463825,41973.186688647096,fac283
42.63895874967621,-71.02138633745994,1893.0,83971.14924638254,8370.1866886471,fac284
42.85856515922125,-70.90262575254488,942.0,40251.14924638255,3998.1866886471,fac285
42.516113920467895,-70.97161343886737,6050.0,275211.1492463825,27494.1866886471,fac286
42.6859575793396,-70.87525901161224,906.0,38601.14924638255,3833.1866886471,fac287
42.64039364292768,-70.65495529291596,6649.0,302771.1492463825,30250.1866886471,fac288
42.69597545669059,-70.9621444212062,131.0,2951.149246382547,268.1866886470996,fac289
42.747934100133115,-70.91705386950868,3128.0,140781.14924638256,14051.1866886471,fac290
42.43784851190144,-71.02273791260586,3021.0,135891.14924638256,13562.1866886471,fac291
42.55012317897097,-70.79492727830684,1262.0,54981.14924638255,5471.1866886471,fac292
42.4172171362327,-70.88858271792222,4549.0,206151.14924638256,20588.1866886471,fac293
42.65477877491137,-71.05190019952916,2238.0,99871.14924638254,9960.1866886471,fac294
42.786558481191136,-70.85921030265659,4022.0,181921.14924638256,18165.1866886471,fac295
42.706182091929215,-70.87005391894274,777.0,32651.14924638255,3238.1866886471,fac296
42.88251423305102,-70.86599665682489,2131.0,94941.14924638254,9467.1866886471,fac297
42.514890741455076,-71.00921455567867,11533.0,527431.1492463825,52716.186688647096,fac298
42.66289302050408,-70.51961307476383,1664.0,73461.14924638254,7319.1866886471,fac299
42.67579215980059,-70.83211968360794,1477.0,64871.14924638255,6460.1866886471,fac300
42.53583033603246,-70.85411081205856,9447.0,431481.1492463825,43121.186688647096,fac301
42.58764168671129,-70.84344002525725,1838.0,81461.14924638254,8119.1866886471,fac302
42.63176819009387,-71.00869728976159,1520.0,66831.14924638254,6656.1866886471,fac303
42.61743485715771,-70.95125914001173,1231.0,53551.14924638255,5328.1866886471,fac304
42.80614690293613,-70.98249098170359,1099.0,47461.14924638255,4719.1866886471,fac305
42.158207072268446,-71.38315011822522,3811.0,172231.14924638256,17196.1866886471,fac306
42.136176728885914,-71.13483103473281,5172.0,234841.14924638256,23457.1866886471,fac307
42.298927363076444,-70.89701653650664,1937.0,85991.14924638254,8572.1866886471,fac308
42.308684261558504,-71.21773659003077,5585.0,253801.14924638256,25353.1866886471,fac309
42.16393734885873,-71.39477221317628,1406.0,61591.14924638255,6132.1866886471,fac310
42.1067966030214,-71.15410712007018,1004.0,43091.14924638255,4282.1866886471,fac311
41.98874679330178,-71.19972515829197,3946.0,178421.14924638256,17815.1866886471,fac312
42.09757074400624,-71.38851497727184,7322.0,333711.1492463825,33344.186688647096,fac313
42.23224792123854,-70.80977144117462,5234.0,237671.14924638256,23740.1866886471,fac314
42.24574218226096,-70.87835393796688,2365.0,105701.14924638254,10543.1866886471,fac315
42.092213424226976,-70.73944918163654,113.0,2121.149246382547,185.18668864709957,fac316
42.021856178743704,-71.25445821273615,5298.0,240621.14924638256,24035.1866886471,fac317
42.195811875448605,-70.71488286833444,5793.0,263371.1492463825,26310.1866886471,fac318
42.10726649265786,-71.30460172755829,2884.0,129561.14924638254,12929.1866886471,fac319
42.0933643855501,-71.46630406087468,2989.0,134401.14924638256,13413.1866886471,fac320
42.160267436023254,-71.38664687848957,1882.0,83481.14924638254,8321.1866886471,fac321
42.03835136082995,-71.33719855379582,2551.0,114241.14924638254,11397.1866886471,fac322
42.17690516564095,-70.84688999896967,2495.0,111691.14924638254,11142.1866886471,fac323
42.258097050367944,-71.18785506658344,6463.0,294211.1492463825,29394.1866886471,fac324
42.15251413012827,-70.7272358054571,4057.0,183541.14924638256,18327.1866886471,fac325
42.102985218219686,-71.15754822403863,4116.0,186231.14924638256,18596.1866886471,fac326
42.09557621485084,-71.27588047841176,424.0,16411.14924638255,1614.1866886470996,fac327
42.07125886420296,-71.1023770948297,6318.0,287541.1492463825,28727.1866886471,fac328
42.18245629768918,-71.22384035053943,4419.0,200191.14924638256,19992.1866886471,fac329
42.19551349883225,-71.18573258069382,3604.0,162691.14924638256,16242.1866886471,fac330
42.03778141894999,-71.3174417504746,2662.0,119381.14924638254,11911.1866886471,fac331
42.38509009671473,-71.02100306840877,1060.0,45691.14924638255,4542.1866886471,fac332
42.27677437579818,-71.08576013523583,1003.0,43051.14924638255,4278.1866886471,fac333
42.29082460401865,-71.00557578886813,595.0,24291.14924638255,2402.1866886471,fac334
42.43521416103969,-71.10763699962239,1815.0,80411.14924638254,8014.1866886471,fac335
42.380778282224675,-71.10545410632672,1607.0,70811.14924638254,7054.1866886471,fac336
42.403002848428514,-71.10816876551968,2991.0,134501.14924638256,13423.1866886471,fac337
42.33111104294794,-71.13432426929499,6321.0,287671.1492463825,28740.1866886471,fac338
42.33080680205678,-71.0556050221839,5126.0,232721.14924638256,23245.1866886471,fac339
42.366292346022576,-71.09287816086693,6236.0,283771.1492463825,28350.1866886471,fac340
42.313777965491106,-71.06134749182094,6140.0,279331.1492463825,27906.1866886471,fac341
42.29263361774228,-71.05553704544668,3394.0,153031.14924638256,15276.1866886471,fac342
42.212436795880635,-71.01575458839369,6648.0,302741.1492463825,30247.1866886471,fac343
42.38595199087748,-71.06383481365422,5415.0,246001.14924638256,24573.1866886471,fac344
42.37276418599868,-71.0830131043199,12407.0,567641.1492463825,56737.186688647096,fac345
42.26849785614591,-71.08512891794888,7668.0,349621.1492463825,34935.186688647096,fac346
42.23869398718889,-71.0600288784662,6531.0,297351.1492463825,29708.1866886471,fac347
42.284342783812576,-71.00258223465538,8273.0,377491.1492463825,37722.186688647096,fac348
42.404094086255455,-71.01348073822741,10367.0,473781.1492463825,47351.186688647096,fac349
42.37278804844038,-71.04501693678273,4416.0,200051.14924638256,19978.1866886471,fac350
42.28091066593108,-71.20817244530103,8951.0,408641.1492463825,40837.186688647096,fac351
42.184234521655775,-71.092480878748,7575.0,345341.1492463825,34507.186688647096,fac352
42.28391112951356,-71.26890624427257,6136.0,279161.1492463825,27889.1866886471,fac353
42.3429190063595,-71.13831821117166,4420.0,200221.14924638256,19995.1866886471,fac354
42.365599886470356,-71.15324931680182,9864.0,450661.1492463825,45039.186688647096,fac355
42.30745561083279,-71.14635244860025,7747.0,353281.1492463825,35301.186688647096,fac356
42.27495918232506,-71.15006052177603,8463.0,386191.1492463825,38592.186688647096,fac357
42.34915527172048,-71.10970164795056,8508.0,388301.1492463825,38803.186688647096,fac358
42.46761009388917,-71.15651895369405,4764.0,216051.14924638256,21578.1866886471,fac359
42.37876586817009,-71.01331147631224,3249.0,146371.14924638256,14610.1866886471,fac360
42.23569053268692,-71.11306348565573,891.0,37911.14924638255,3764.1866886471,fac361
42.407272938293985,-71.06556633690995,5598.0,254421.14924638256,25415.1866886471,fac362
42.44660558715524,-71.05556864274345,5487.0,249331.14924638256,24906.1866886471,fac363
42.3635481019014,-71.02795911437556,6267.0,285171.1492463825,28490.1866886471,fac364
42.50970511536573,-71.05174138171662,13350.0,610991.1492463825,61072.186688647096,fac365
42.48953448867509,-71.0486924387783,10118.0,462331.1492463825,46206.186688647096,fac366
42.3566443153235,-71.05610808992242,8784.0,400981.1492463825,40071.186688647096,fac367
42.45861995821307,-70.89971780806763,11766.0,538161.1492463825,53789.186688647096,fac368
42.40426069205318,-70.93972723811514,4123.0,186571.14924638256,18630.1866886471,fac369
42.36989777292639,-71.13249127625575,13078.0,598501.1492463825,59823.186688647096,fac370
42.306973042901234,-71.16537922013191,662.0,27361.14924638255,2709.1866886471,fac371
42.17005497733056,-71.05669115016944,12380.0,566381.1492463825,56611.186688647096,fac372
42.27254764787979,-71.03810793409603,4407.0,199631.14924638256,19936.1866886471,fac373
42.34213952103074,-71.06678104594573,3970.0,179511.14924638256,17924.1866886471,fac374
42.4798077412144,-71.15575168219236,6204.0,282281.1492463825,28201.1866886471,fac375
42.50613545598025,-71.07454327202915,5141.0,233381.14924638256,23311.1866886471,fac376
42.16084870580435,-70.91350029941087,8183.0,373351.1492463825,37308.186688647096,fac377
42.26687051895307,-71.07698014250657,6086.0,276871.1492463825,27660.1866886471,fac378
42.26742306620109,-70.96567339103082,3534.0,159461.14924638256,15919.1866886471,fac379
42.26564090177007,-70.89348731885303,3417.0,154111.14924638256,15384.1866886471,fac380
42.13701089274172,-71.02078915352625,3842.0,173621.14924638256,17335.1866886471,fac381
42.24608047404525,-70.83044937928945,1910.0,84751.14924638254,8448.1866886471,fac382
42.39194743512473,-71.12439960978442,344.0,12721.149246382547,1245.1866886470996,fac383
42.39440248454671,-71.0362357683339,99.0,1451.1492463825473,118.18668864709957,fac384
42.322470081222136,-70.99165266304011,900.0,38301.14924638255,3803.1866886471,fac385
42.41446307971004,-71.2389516442673,5694.0,258851.14924638256,25858.1866886471,fac386
42.045656686422426,-71.0093003983481,13879.0,635351.1492463825,63508.186688647096,fac387
42.02896846457598,-70.95534288393415,7087.0,322891.1492463825,32262.1866886471,fac388
42.080611663850156,-71.0362128136211,1070.0,46151.14924638255,4588.1866886471,fac389
41.95979735257805,-71.02647345153943,6057.0,275511.1492463825,27524.1866886471,fac390
41.779694936693495,-70.68941526319266,2640.0,118351.14924638254,11808.1866886471,fac391
42.08168367622785,-70.6793730962677,3530.0,159271.14924638256,15900.1866886471,fac392
42.01895742395131,-70.90663233902262,3237.0,145811.14924638256,14554.1866886471,fac393
42.03467655803656,-70.87962855712449,1797.0,79571.14924638254,7930.1866886471,fac394
42.187804474159904,-70.91434771277311,3235.0,145741.14924638256,14547.1866886471,fac395
42.00038506241785,-70.90979388405121,2435.0,108921.14924638254,10865.1866886471,fac396
42.12823487127669,-71.00474638653559,2358.0,105381.14924638254,10511.1866886471,fac397
41.805137368710845,-70.84662999990681,5484.0,249171.14924638256,24890.1866886471,fac398
41.83281809148962,-70.98174136404177,2575.0,115351.14924638254,11508.1866886471,fac399
42.11002698456088,-70.95644866679191,3665.0,165511.14924638256,16524.1866886471,fac400
42.055887506738515,-71.13251994439348,2986.0,134271.14924638256,13400.1866886471,fac401
42.0442542270191,-71.07147939786839,323.0,11761.149246382547,1149.1866886470996,fac402
42.108113422732885,-70.84631290216845,4088.0,184951.14924638256,18468.1866886471,fac403
41.96770516919752,-70.60197677038256,13098.0,599411.1492463825,59914.186688647096,fac404
42.00511837402143,-70.73213006317931,3041.0,136811.14924638256,13654.1866886471,fac405
41.920608024804494,-70.65491720948269,135.0,3131.149246382547,286.1866886470996,fac406
41.973541405274545,-70.69837977905976,734.0,30691.14924638255,3042.1866886471,fac407
42.12334365946602,-70.91559045708814,7633.0,348011.1492463825,34774.186688647096,fac408
42.15412467128921,-71.01653542163514,3995.0,180681.14924638256,18041.1866886471,fac409
41.97609552976365,-71.16104992244733,2320.0,103631.14924638254,10336.1866886471,fac410
41.90921803633401,-71.00939419651024,1657.0,73131.14924638254,7286.1866886471,fac411
42.16196422506499,-70.95620460151052,3365.0,151711.14924638256,15144.1866886471,fac412
42.48990009820732,-71.19834358507829,3292.0,148331.14924638256,14806.1866886471,fac413
42.45284437949556,-71.26473183548364,4140.0,187371.14924638256,18710.1866886471,fac414
42.33518027885082,-71.13718812530011,4673.0,211891.14924638256,21162.1866886471,fac415
42.34992568633404,-71.21754639817108,6584.0,299771.1492463825,29950.1866886471,fac416
42.39377763353449,-71.215035292873,4059.0,183611.14924638256,18334.1866886471,fac417
42.40622624466366,-71.23211331877634,3333.0,150241.14924638256,14997.1866886471,fac418
42.40470103048149,-71.30600704057996,6506.0,296201.1492463825,29593.1866886471,fac419
42.26617530697662,-71.27776556401754,473.0,18671.14924638255,1840.1866886470996,fac420
42.327180109578784,-71.21659326502623,2870.0,128931.14924638254,12866.1866886471,fac421
42.249197345968604,-71.25053415160394,4225.0,191271.14924638256,19100.1866886471,fac422
42.36395272806482,-71.21883953212651,2217.0,98881.14924638254,9861.1866886471,fac423
42.2439370742281,-71.11272013775316,1632.0,71991.14924638254,7172.1866886471,fac424
42.27111682012185,-71.23306560415894,394.0,15041.149246382547,1477.1866886470996,fac425
42.29916058931343,-71.22995867012656,815.0,34411.14924638255,3414.1866886471,fac426
42.40727186054508,-71.1839125836219,2660.0,119291.14924638254,11902.1866886471,fac427
42.332205187184265,-71.25786012293884,2033.0,90441.14924638254,9017.1866886471,fac428
42.29961687942332,-71.26661436806059,4933.0,223841.14924638256,22357.1866886471,fac429
42.28565491722619,-71.25120075186233,1315.0,57381.14924638255,5711.1866886471,fac430
42.36353184505895,-71.17257671454661,7813.0,356331.1492463825,35606.186688647096,fac431
42.51397937020331,-71.15990176325869,6153.0,279931.1492463825,27966.1866886471,fac432
42.42644200111999,-71.17034702113409,3880.0,175411.14924638256,17514.1866886471,fac433
42.42540182258779,-71.29638220408614,5766.0,262141.14924638256,26187.1866886471,fac434
42.29517467577045,-71.32433170022911,3601.0,162551.14924638256,16228.1866886471,fac435
42.29683599832668,-71.33322797277293,2452.0,109701.14924638254,10943.1866886471,fac436
42.15982220814209,-71.17967538653627,4564.0,206861.14924638256,20659.1866886471,fac437
42.34942274454222,-71.25322541491964,2725.0,122271.14924638254,12200.1866886471,fac438
42.24782878919629,-71.23631396946021,2353.0,105141.14924638254,10487.1866886471,fac439
41.77910627044956,-70.6091233856779,2966.0,133331.14924638256,13306.1866886471,fac440
41.719001054434706,-70.58342241891256,285.0,10021.149246382547,975.1866886470996,fac441
41.24149309140537,-70.72980466497852,473.0,18681.14924638255,1841.1866886470996,fac442
41.54433998833894,-70.53056944750581,4360.0,197451.14924638256,19718.1866886471,fac443
41.66744388834144,-70.4395527488356,1546.0,68041.14924638254,6777.1866886471,fac444
41.88087953723398,-70.59773212848219,990.0,42431.14924638255,4216.1866886471,fac445
41.48010516244908,-70.47279344184807,1031.0,44351.14924638255,4408.1866886471,fac446
41.597891958059634,-70.62842959989432,1907.0,84611.14924638254,8434.1866886471,fac447
41.71323533881424,-70.53440500501361,298.0,10641.149246382547,1037.1866886470996,fac448
41.524511609573345,-70.75561297824845,233.0,7641.149246382547,737.1866886470996,fac449
41.63245592566986,-70.61847634231668,116.0,2261.149246382547,199.18668864709957,fac450
41.24805904126632,-70.16180120021734,2469.0,110501.14924638254,11023.1866886471,fac451
41.64787197349138,-70.61207073568018,635.0,26141.14924638255,2587.1866886471,fac452
41.460081454448584,-70.55734501465446,1106.0,47801.14924638255,4753.1866886471,fac453
41.776572792210764,-70.6587199748104,347.0,12851.149246382547,1258.1866886470996,fac454
41.720045880758654,-70.58860210136847,907.0,38611.14924638255,3834.1866886471,fac455
41.79191662651869,-70.49609612658104,157.0,4111.149246382547,384.1866886470996,fac456
41.78920207030674,-70.44376565102628,765.0,32091.14924638255,3182.1866886471,fac457
41.80681588760345,-70.55416210113323,2236.0,99761.14924638254,9949.1866886471,fac458
41.225623073394246,-70.00961823855529,143.0,3481.149246382547,321.1866886470996,fac459
41.532374820728045,-70.58168577329448,985.0,42221.14924638255,4195.1866886471,fac460
41.754356072655874,-70.63760240292822,2398.0,107231.14924638254,10696.1866886471,fac461
41.419212847922935,-70.61219018963224,618.0,25331.14924638255,2506.1866886471,fac462
41.72675880193038,-70.75250477028199,1045.0,44981.14924638255,4471.1866886471,fac463
41.61126480081211,-70.23719374870886,3500.0,157921.14924638256,15765.1866886471,fac464
41.68701858855587,-70.3326995277027,518.0,20721.14924638255,2045.1866886470996,fac465
41.70093175768722,-70.06695561940995,2207.0,98451.14924638254,9818.1866886471,fac466
41.595291243688486,-70.32654393409423,2311.0,103231.14924638254,10296.1866886471,fac467
41.64565737692504,-69.93314640305968,977.0,41851.14924638255,4158.1866886471,fac468
41.60545411492181,-70.4685693501605,745.0,31191.14924638255,3092.1866886471,fac469
41.72829994092864,-70.26353577017215,135.0,3141.149246382547,287.1866886470996,fac470
41.797792320283946,-70.19478699227595,772.0,32411.14924638255,3214.1866886471,fac471
41.703586409783696,-70.1808361082068,787.0,33131.14924638255,3286.1866886471,fac472
41.782785027982314,-70.0611756955516,134.0,3091.149246382547,282.1866886470996,fac473
41.78315778561112,-69.88862351912415,1152.0,49911.14924638255,4964.1866886471,fac474
41.65835218535141,-70.54529470700152,916.0,39061.14924638255,3879.1866886471,fac475
41.7058456436513,-69.96446538031103,2074.0,92311.14924638254,9204.1866886471,fac476
41.60525245716251,-70.10769782697373,547.0,22091.14924638255,2182.1866886471,fac477
41.73958298054143,-70.33331698561858,113.0,2121.149246382547,185.18668864709957,fac478
41.68284605348842,-70.37545056464143,1542.0,67821.14924638254,6755.1866886471,fac479
41.63611834959141,-70.52336807347305,3168.0,142631.14924638256,14236.1866886471,fac480
41.764123372945605,-69.9864118265889,288.0,10161.149246382547,989.1866886470996,fac481
41.90614971412516,-69.97310886690903,98.0,1401.1492463825473,113.18668864709957,fac482
42.071980257620865,-70.18367024533178,242.0,8021.149246382547,775.1866886470996,fac483
41.65821982786167,-70.04508741222575,1365.0,59711.14924638255,5944.1866886471,fac484
41.69644243532753,-70.42305484885557,790.0,33231.14924638255,3296.1866886471,fac485
42.08118262522034,-70.14449748351228,738.0,30881.14924638255,3061.1866886471,fac486
41.617504201059354,-70.02725743646614,314.0,11361.149246382547,1109.1866886470996,fac487
41.6771437208368,-70.11647700916981,1439.0,63111.14924638255,6284.1866886471,fac488
41.91272034285193,-70.07278185398812,114.0,2171.149246382547,190.18668864709957,fac489
41.6260817566505,-70.24025358275,1982.0,88081.14924638254,8781.1866886471,fac490
42.005514488964806,-70.07484744067725,187.0,5501.149246382547,523.1866886470996,fac491
41.97435006721547,-70.04216689974164,856.0,36301.14924638255,3603.1866886471,fac492
41.75067860132941,-70.34286778795664,670.0,27751.14924638255,2748.1866886471,fac493
41.73455779469115,-70.0690606622453,98.0,1421.1492463825473,115.18668864709957,fac494
41.63807543226936,-70.17384162857363,352.0,13101.149246382547,1283.1866886470996,fac495
41.6479926119171,-70.08715094445085,315.0,11411.149246382547,1114.1866886470996,fac496
41.59116870296698,-70.30440638195678,152.0,3921.149246382547,365.1866886470996,fac497
41.652613713398324,-70.21187369504366,1944.0,86321.14924638254,8605.1866886471,fac498
41.674268607890426,-70.20046485370095,1523.0,66951.14924638254,6668.1866886471,fac499
41.82467139605632,-71.09065388733406,1045.0,44971.14924638255,4470.1866886471,fac500
41.94673061736111,-71.31076148451626,9829.0,449041.1492463825,44877.186688647096,fac501
41.40490848823582,-70.87340774303551,103.0,1641.1492463825473,137.18668864709957,fac502
41.78145790751857,-71.14839422828184,938.0,40081.14924638255,3981.1866886471,fac503
41.76618159746053,-70.98335869271496,1161.0,50321.14924638255,5005.1866886471,fac504
41.93875389021877,-70.99848960238359,1482.0,65091.14924638255,6482.1866886471,fac505
41.623446128932585,-70.89763359604407,3580.0,161601.14924638256,16133.1866886471,fac506
41.682251512376936,-71.09738488024898,6649.0,302751.1492463825,30248.1866886471,fac507
41.67496938311555,-71.16697930604845,5740.0,260931.14924638256,26066.1866886471,fac508
41.75708467527404,-71.17774503348518,3367.0,151811.14924638256,15154.1866886471,fac509
41.68395398609462,-71.07683538718278,3955.0,178841.14924638256,17857.1866886471,fac510
41.69978511099141,-71.20259479648473,633.0,26021.14924638255,2575.1866886471,fac511
41.760472334187824,-71.18568505735284,3500.0,157931.14924638256,15766.1866886471,fac512
41.739664713815465,-70.74245453228257,1208.0,52471.14924638255,5220.1866886471,fac513
41.634715920181584,-70.9363462086283,1470.0,64511.14924638255,6424.1866886471,fac514
41.7742042367996,-70.93119057149185,9539.0,435691.1492463825,43542.186688647096,fac515
41.75889363166121,-70.86849614546956,2381.0,106441.14924638254,10617.1866886471,fac516
41.68536706719757,-70.90724840071684,2520.0,112851.14924638254,11258.1866886471,fac517
41.749959670767055,-70.975033646438,5525.0,251081.14924638256,25081.1866886471,fac518
41.62415108671504,-71.03058860793843,3444.0,155321.14924638256,15505.1866886471,fac519
41.59445374331492,-71.05213562008478,5081.0,230621.14924638256,23035.1866886471,fac520
41.594806099979856,-70.85517905071708,2615.0,117221.14924638254,11695.1866886471,fac521
42.017252206366784,-71.27160188647888,6065.0,275891.1492463825,27562.1866886471,fac522
42.0786600096733,-71.31280266350694,2088.0,92981.14924638254,9271.1866886471,fac523
42.042522642188906,-71.31025579966699,463.0,18211.14924638255,1794.1866886470996,fac524
41.85561647110255,-71.1593805855821,926.0,39521.14924638255,3925.1866886471,fac525
41.89391816864088,-71.13521582839645,4385.0,198601.14924638256,19833.1866886471,fac526
41.96593306199098,-71.11077297259024,3242.0,146031.14924638256,14576.1866886471,fac527
41.80641755348351,-71.22831601286899,2738.0,122881.14924638254,12261.1866886471,fac528
41.748195934072136,-70.90851579432204,1268.0,55221.14924638255,5495.1866886471,fac529
41.90675878100437,-71.36383419908891,3449.0,155561.14924638256,15529.1866886471,fac530
41.823317147632764,-71.22802704465141,3694.0,166821.14924638256,16655.1866886471,fac531
41.84236537589085,-71.11194931960736,1555.0,68451.14924638254,6818.1866886471,fac532
41.99332472505528,-71.1375390015707,11057.0,505531.1492463825,50526.186688647096,fac533
41.60883578935997,-71.01537268793254,3525.0,159081.14924638256,15881.1866886471,fac534
41.48981020052656,-71.02790451347164,180.0,5171.149246382547,490.1866886470996,fac535
41.835850410753025,-71.33083713441349,5662.0,257371.14924638256,25710.1866886471,fac536
41.99931033149627,-71.5696791704292,9136.0,417181.1492463825,41691.186688647096,fac537
41.78365543201421,-71.33244194154435,4763.0,216021.14924638256,21575.1866886471,fac538
41.900165704610565,-71.32892025453071,2100.0,93531.14924638254,9326.1866886471,fac539
42.733731806932546,-72.2447214369656,1213.0,52701.14924638255,5243.1866886471,fac540
42.92592191167498,-70.93982282017673,777.0,32671.14924638255,3240.1866886471,fac541
42.799302598247685,-71.07478319206882,1162.0,50351.14924638255,5008.1866886471,fac542
42.99866383134028,-70.82942166003123,2032.0,90401.14924638254,9013.1866886471,fac543
41.951600942260605,-73.02319152208041,105.0,1751.1492463825473,148.18668864709957,fac544
42.017085717221214,-72.75487148018559,833.0,35211.14924638255,3494.1866886471,fac545
