day,01001,01002,01003,01005,01007,01008,01009,01010,01011,01012,01013,01020,01022,01026,01027,01028,01029,01030,01031,01032,01033,01034,01035,01036,01037,01038,01039,01040,01050,01053,01054,01056,01057,01060,01062,01063,01066,01068,01069,01070,01071,01072,01073,01074,01075,01077,01079,01080,01081,01082,01083,01084,01085,01086,01088,01089,01092,01093,01094,01095,01096,01097,01098,01103,01104,01105,01106,01107,01108,01109,01118,01119,01128,01129,01151,01201,01220,01222,01223,01224,01225,01226,01229,01230,01235,01236,01237,01238,01240,01242,01243
1,211,322,124,59,154,19,2,56,16,11,234,328,31,9,204,177,6,122,21,8,73,26,57,67,10,34,11,465,19,25,20,216,100,173,104,4,0,24,92,5,15,22,52,7,213,106,11,27,24,117,31,2,417,4,6,321,18,1,2,147,25,1,15,19,229,149,186,133,327,355,152,121,31,84,90,456,83,6,25,1,35,76,0,87,29,20,31,69,59,4,6
2,191,335,132,64,166,11,2,48,14,3,224,318,25,8,204,160,5,129,9,6,63,17,49,60,8,33,15,423,19,15,25,225,104,180,139,5,0,18,80,11,18,23,69,6,203,115,10,29,18,114,46,4,508,5,2,296,17,0,5,139,23,0,12,21,220,113,171,132,293,311,146,146,32,81,91,497,99,7,39,2,34,66,1,102,28,12,29,66,52,4,3
3,172,347,111,57,152,12,3,45,15,5,254,324,25,10,199,204,8,133,8,8,67,25,57,62,5,30,11,406,22,14,19,265,87,156,127,7,0,25,96,2,16,14,71,5,193,92,5,32,21,114,37,3,457,5,9,309,17,2,5,161,34,1,15,20,239,132,188,124,265,335,150,151,26,72,78,444,79,10,23,0,33,69,0,101,35,21,25,70,52,11,4
4,172,338,125,61,166,14,5,40,14,9,221,351,24,13,173,176,5,115,9,2,64,24,55,50,6,34,8,406,35,18,19,242,100,174,124,6,0,15,107,11,14,15,68,3,191,112,12,39,24,125,30,0,473,4,6,289,15,6,2,169,30,1,14,43,276,126,177,118,265,362,152,153,31,86,84,499,95,11,23,0,26,77,2,92,34,8,17,63,41,4,4
5,195,309,133,49,153,17,4,38,10,10,243,340,27,7,200,168,10,145,9,8,76,27,51,59,7,30,22,438,26,19,25,214,98,180,122,4,0,20,83,8,16,11,62,4,192,103,5,31,20,128,37,2,472,5,5,322,15,4,6,141,23,1,11,23,274,111,194,128,294,301,159,148,25,76,105,468,87,12,19,1,37,76,2,94,34,13,35,56,63,5,4
6,168,321,101,51,152,9,2,45,11,11,247,330,27,8,183,174,7,115,9,6,64,22,67,68,8,30,17,424,25,9,22,218,100,162,107,2,0,21,99,7,12,11,53,6,199,137,9,34,20,111,34,4,444,5,4,303,13,2,2,167,29,0,10,20,267,114,163,114,320,337,160,139,28,83,97,489,92,8,26,1,28,84,1,89,31,16,28,70,57,1,5
7,190,294,121,47,138,12,2,41,18,7,236,321,27,12,181,151,2,129,19,4,57,17,56,57,11,21,12,429,34,17,23,210,94,192,120,11,0,27,89,4,20,12,70,4,193,111,4,29,15,109,29,0,452,1,4,307,21,3,1,146,24,1,13,21,278,131,168,135,310,303,168,147,36,82,93,486,85,8,31,2,30,78,0,90,27,13,21,72,54,3,4
8,173,298,121,51,173,20,4,41,18,7,247,328,25,12,172,170,6,121,8,6,52,28,63,60,8,40,17,447,22,21,21,229,94,165,99,5,0,17,96,4,18,20,66,2,230,112,8,25,19,100,35,4,428,7,9,303,13,3,7,152,33,1,13,29,244,101,189,103,273,323,151,159,28,65,114,482,95,3,25,0,27,78,0,89,31,14,29,61,45,4,3
9,195,326,89,75,175,8,2,45,17,7,233,311,34,9,174,176,7,134,10,5,73,28,69,61,3,37,16,422,20,16,20,222,114,155,111,10,0,23,102,12,15,16,75,2,188,96,12,41,16,113,34,3,417,5,9,312,16,0,2,164,34,0,13,23,260,132,182,125,293,347,188,148,35,76,94,516,84,6,39,1,31,77,1,89,33,19,23,51,53,4,1
10,201,312,152,58,188,11,6,39,11,8,234,304,25,8,209,178,8,156,8,9,75,23,54,46,5,29,17,429,30,20,13,222,94,160,110,6,1,20,109,3,13,15,63,7,196,106,8,27,14,113,33,0,487,2,7,328,10,1,10,160,31,2,17,28,270,136,194,140,284,318,169,133,26,68,92,493,88,6,14,1,44,63,0,94,34,17,31,69,50,5,2
11,192,344,122,58,181,15,3,43,11,4,280,321,28,12,195,194,3,119,10,4,70,27,74,51,5,30,19,434,25,13,19,218,105,148,113,7,0,20,99,6,5,18,69,4,178,99,5,30,13,107,30,2,447,2,3,312,14,0,4,164,22,1,11,28,273,120,193,115,340,324,159,130,28,71,106,466,89,9,19,1,31,85,0,91,19,13,29,66,40,4,1
12,236,328,120,45,143,14,4,31,24,5,253,348,30,15,185,192,3,132,15,4,84,38,82,57,6,36,20,455,23,16,26,222,102,175,97,9,0,21,87,10,13,16,66,4,172,89,9,38,31,101,31,0,434,6,2,309,6,2,2,166,22,0,14,37,243,116,177,103,315,324,145,146,24,70,91,484,88,9,25,2,30,72,1,88,33,16,26,51,57,7,4
13,180,297,135,63,172,12,6,40,16,5,276,361,26,10,190,166,7,133,14,8,76,26,53,65,13,28,12,420,32,19,23,184,96,163,112,3,0,26,99,9,15,15,66,2,187,112,11,32,20,117,38,3,431,2,8,321,15,3,5,142,35,2,8,28,283,133,153,117,305,331,167,144,19,79,113,478,97,8,16,2,34,74,1,90,26,17,26,54,42,7,3
14,209,329,134,50,154,10,2,39,17,5,256,328,24,17,210,196,9,125,8,6,72,22,57,50,7,27,18,461,34,15,17,219,84,150,107,4,0,19,95,7,17,13,64,4,208,113,7,31,29,112,36,1,419,4,4,290,7,1,3,149,31,1,13,22,241,144,172,156,289,346,160,153,27,68,104,464,101,12,31,1,29,86,1,87,25,13,27,59,50,1,3
15,181,339,126,52,145,12,2,38,16,7,247,347,25,9,166,182,1,130,9,2,72,25,51,45,7,31,11,424,19,20,25,259,90,192,117,4,0,20,106,8,7,21,78,1,167,113,8,32,21,107,27,5,493,4,6,301,16,7,4,159,24,0,14,28,224,129,191,102,306,350,184,123,39,74,92,510,86,11,23,1,33,82,1,102,25,15,17,67,43,7,3
16,204,325,104,45,175,15,4,41,14,7,223,332,23,15,198,152,9,116,14,7,76,23,44,47,9,31,16,449,25,19,22,238,105,167,116,5,0,17,106,9,14,10,70,7,228,107,6,28,23,101,24,3,450,4,6,301,19,4,6,155,25,0,24,24,236,115,177,141,286,314,167,140,32,73,110,476,98,11,36,2,31,63,1,88,28,18,23,80,62,10,4
17,190,338,122,59,152,13,4,47,14,11,251,308,30,11,215,170,3,143,7,4,64,21,42,52,12,24,15,450,35,23,29,236,94,167,89,4,0,18,95,10,19,16,65,5,197,88,10,16,23,119,41,1,467,4,6,311,16,1,8,132,26,0,12,21,262,125,173,97,314,345,177,154,30,61,94,471,87,4,25,1,39,92,1,93,29,14,22,75,56,3,4
18,201,347,158,64,187,12,4,32,11,5,228,312,25,8,194,183,8,120,14,8,70,22,64,60,16,27,13,465,28,12,26,230,92,186,105,6,0,26,92,5,20,19,62,6,191,119,9,30,21,118,40,2,480,4,3,314,18,2,3,166,25,1,11,22,288,115,174,127,291,319,155,166,25,59,115,519,79,11,27,1,40,85,1,93,27,12,30,70,39,4,3
19,194,335,111,47,169,12,1,38,13,5,234,334,28,7,207,193,3,114,11,6,67,37,45,52,14,24,18,430,27,19,19,252,111,176,123,6,1,14,87,10,18,19,69,4,180,94,5,29,14,122,49,0,488,4,7,337,15,6,5,164,36,0,20,17,275,139,148,106,301,338,171,160,26,73,95,475,80,3,21,1,43,79,0,92,17,14,28,62,44,4,3
20,168,319,120,38,166,17,3,30,19,5,275,320,24,9,200,206,5,107,11,5,94,30,49,61,9,32,15,465,25,19,24,255,94,163,117,4,0,15,104,12,14,18,65,4,222,97,8,27,18,119,35,0,429,2,6,321,14,2,3,142,21,3,12,29,263,133,190,126,290,318,183,146,28,67,95,497,85,6,26,0,23,73,1,84,29,17,29,67,40,6,3
21,197,304,135,59,149,14,2,37,14,4,257,344,33,12,209,177,9,121,9,10,74,36,45,56,9,24,5,444,26,24,22,235,91,177,109,5,0,23,89,8,12,19,62,4,194,96,14,40,27,128,30,1,459,6,4,318,15,7,2,162,27,0,10,29,252,146,199,113,293,335,159,155,33,75,87,496,87,9,23,1,33,76,0,95,30,15,31,57,47,6,3
22,200,321,113,52,153,10,2,41,20,7,258,336,19,12,186,171,7,137,9,5,75,25,63,53,12,28,11,413,34,15,23,232,100,175,115,11,1,17,100,8,23,13,77,4,199,88,8,23,21,84,36,1,432,3,5,323,16,5,5,154,28,0,12,22,252,138,191,124,297,320,150,148,40,81,100,473,97,10,33,3,41,65,1,87,32,13,26,57,54,7,2
23,203,327,123,52,160,14,2,32,19,7,248,330,30,10,184,161,5,128,13,6,57,26,52,64,8,32,8,447,23,17,28,232,102,180,123,9,0,17,78,4,14,15,60,3,197,105,14,30,27,106,43,0,400,7,6,284,13,3,3,160,29,0,14,26,250,128,153,110,298,337,150,160,31,91,98,517,106,7,20,2,44,69,1,100,26,11,26,66,59,3,1
24,208,294,111,60,153,12,3,38,9,7,231,359,33,15,219,157,5,139,10,6,60,21,63,56,13,18,13,437,28,18,19,237,78,182,112,7,1,25,82,5,10,29,83,3,190,93,11,36,17,124,33,1,487,4,10,319,12,1,2,151,27,0,21,32,256,125,202,125,321,315,167,157,22,75,100,463,93,9,24,2,40,74,0,99,28,14,25,70,41,4,2
25,179,354,128,57,177,7,1,33,19,4,255,330,30,10,175,182,8,107,16,7,72,13,59,52,10,34,21,448,27,16,24,238,87,180,108,8,1,18,98,6,13,13,70,4,244,101,8,33,19,111,34,1,436,4,7,302,9,1,4,149,26,0,24,20,235,146,191,120,265,320,168,144,27,62,114,513,80,6,31,2,34,59,1,92,26,19,23,69,55,3,2
26,207,343,115,39,165,12,1,35,15,8,233,309,28,11,206,186,2,115,7,6,63,26,48,56,6,35,9,412,21,21,18,215,103,175,98,2,0,24,89,7,10,14,70,5,209,111,12,28,14,119,33,4,454,1,4,309,16,2,6,160,25,0,12,24,282,99,206,116,327,302,159,146,27,85,125,480,100,7,22,0,43,74,2,95,31,15,29,77,50,5,1
27,191,348,102,45,153,11,3,34,14,9,248,309,28,14,199,179,6,102,14,5,70,26,45,62,6,31,10,407,16,22,14,229,90,173,114,2,0,25,81,9,14,18,58,5,172,113,7,23,12,125,28,0,435,3,2,307,11,4,9,160,21,2,13,22,248,148,169,131,291,327,145,140,27,64,93,487,80,16,22,2,28,67,1,89,31,22,29,63,42,8,0
28,193,338,130,70,167,15,1,42,15,4,240,313,25,5,220,179,5,122,12,6,62,21,59,63,6,27,15,392,17,11,22,278,101,172,98,8,0,22,97,4,16,16,79,5,203,92,8,29,14,116,21,2,405,8,6,301,9,10,4,164,28,1,12,21,257,121,169,144,308,319,184,144,22,69,104,497,93,11,32,2,45,82,0,91,25,9,25,59,39,4,3
29,171,292,120,53,158,14,3,34,8,3,247,280,32,13,190,184,9,116,11,6,65,25,64,53,6,32,11,462,25,16,23,241,97,183,121,4,0,16,106,9,13,15,63,4,187,107,11,29,21,111,32,2,483,4,3,298,10,3,3,184,28,2,15,26,290,128,152,128,298,325,151,157,23,74,89,489,90,6,34,1,40,62,1,82,33,12,19,86,45,1,2
30,189,320,107,60,163,9,5,46,20,7,249,373,22,6,210,161,9,118,17,4,70,23,60,56,6,33,10,470,27,19,20,225,94,176,130,7,1,14,92,6,20,13,75,4,209,106,6,31,19,116,31,3,457,2,5,323,16,4,3,183,17,0,17,18,254,133,191,137,289,328,171,150,29,89,94,482,102,4,26,0,28,72,0,94,25,18,28,56,46,5,4
31,175,345,104,64,150,11,0,40,20,10,257,364,26,8,226,170,6,112,9,4,66,16,63,46,3,33,17,399,25,16,15,246,101,155,108,8,0,30,90,9,12,12,84,1,178,93,9,33,26,114,29,2,397,3,4,299,9,7,2,147,31,0,13,18,246,134,184,120,275,316,161,130,25,77,94,486,93,12,23,3,42,76,0,99,32,16,32,45,43,7,5
32,177,354,107,53,156,10,4,41,15,5,239,334,29,10,209,162,5,147,10,8,77,23,45,66,6,26,12,445,23,15,20,242,97,165,119,10,0,19,104,7,11,20,63,7,184,102,9,35,22,142,36,0,456,4,4,356,16,9,4,171,28,1,12,29,259,122,183,113,293,317,137,162,21,73,117,494,87,5,26,0,35,70,6,90,23,12,21,58,42,6,3
33,209,331,118,61,159,7,0,35,14,6,248,317,32,8,164,172,9,126,11,6,77,31,52,54,9,43,15,438,27,15,15,214,100,167,104,8,0,25,84,8,14,19,73,5,195,109,8,31,22,106,29,3,451,7,10,337,9,7,6,159,20,0,24,22,241,139,176,122,276,319,176,144,26,79,85,496,93,2,22,3,28,75,0,100,23,18,30,63,41,4,4
34,180,342,125,55,205,8,0,39,20,6,274,315,34,10,179,169,3,129,12,4,69,20,63,56,12,28,8,459,26,20,17,246,108,169,125,3,0,15,88,6,14,16,62,3,148,100,3,26,21,104,21,2,444,7,6,329,15,4,3,143,20,0,12,25,256,119,199,120,259,305,154,163,20,76,93,451,86,10,29,2,37,75,2,108,21,13,30,58,47,4,1
35,180,338,112,55,174,13,3,29,13,5,288,301,32,9,184,204,6,118,10,2,62,25,48,52,8,24,11,412,26,14,19,240,94,164,122,8,1,20,94,5,9,15,61,0,185,95,8,28,23,103,33,3,486,4,5,318,12,3,5,159,18,0,7,20,255,131,155,136,289,345,143,167,19,83,104,478,84,4,33,0,29,67,0,92,27,9,26,60,47,6,1
36,197,329,120,61,149,18,3,40,15,7,266,331,22,5,191,191,8,114,11,2,63,24,67,55,2,28,18,442,27,25,9,236,90,202,113,4,1,26,94,8,7,15,68,4,188,114,3,30,26,113,31,1,460,5,7,323,16,2,3,172,27,0,8,32,253,125,167,110,265,294,139,143,20,75,98,470,81,11,28,0,29,56,1,88,23,18,28,63,30,2,1
37,172,302,110,53,150,12,4,40,19,9,236,315,22,14,183,181,1,113,11,2,67,27,56,49,5,33,15,456,20,14,19,233,97,167,122,4,1,19,84,3,11,15,77,4,194,120,9,42,15,112,32,0,470,3,8,310,13,4,3,179,31,0,21,16,255,131,156,119,296,323,178,148,30,88,80,457,95,13,23,2,38,70,1,86,27,12,25,50,45,4,2
38,182,330,128,49,186,14,3,30,16,10,232,330,31,11,170,170,4,156,10,4,67,21,52,59,11,30,20,427,30,17,20,244,98,174,124,7,1,25,85,7,11,10,67,7,172,119,18,31,20,132,30,2,479,4,5,309,16,4,0,158,27,1,11,27,242,136,166,127,316,350,143,148,31,87,101,481,90,11,34,1,25,67,0,97,29,14,32,61,34,10,2
39,187,308,136,59,190,7,3,50,16,6,248,336,27,15,190,172,7,89,18,5,65,27,55,67,8,32,12,435,30,19,30,222,102,199,107,7,0,24,98,5,19,16,62,8,173,123,8,31,19,105,27,0,466,4,8,335,12,2,2,142,28,0,15,27,257,140,177,124,256,346,156,123,28,84,100,483,62,11,23,2,39,74,2,77,33,17,22,67,40,10,2
40,209,324,124,51,177,14,6,47,15,9,239,302,38,9,180,161,7,120,11,2,54,11,62,58,11,33,14,431,22,18,24,213,87,181,105,8,0,20,102,6,14,15,73,7,195,114,8,42,17,114,37,2,429,3,4,314,8,4,3,169,18,1,13,28,242,129,180,118,309,324,140,141,28,66,97,481,96,8,16,1,25,70,0,106,24,17,32,50,52,7,4
41,187,351,149,58,174,12,3,35,14,9,255,355,32,8,225,168,10,125,16,12,65,23,66,57,8,24,11,498,28,17,20,252,93,174,127,3,0,18,89,6,14,8,64,3,189,121,9,33,21,112,28,1,469,1,5,331,17,3,4,172,27,0,16,34,238,134,174,126,320,317,171,162,34,64,98,504,95,7,21,1,32,73,0,72,33,11,28,66,47,8,2
42,170,327,128,65,186,5,6,37,24,4,270,290,33,6,212,189,8,131,14,5,70,26,46,59,10,14,7,448,30,13,17,219,89,189,112,15,0,19,86,11,15,17,77,3,198,115,7,31,18,117,44,1,462,9,7,317,13,3,3,155,22,1,8,27,253,99,146,121,327,336,170,130,32,74,121,518,86,10,27,2,33,90,1,88,35,9,24,67,69,5,3
43,163,331,111,57,134,15,1,51,14,8,263,319,35,14,203,159,8,135,9,6,59,20,53,52,7,30,16,440,29,16,20,204,87,175,122,8,0,16,82,8,14,18,73,3,174,111,10,26,21,111,34,2,482,5,5,332,12,6,2,153,15,0,14,27,272,132,166,117,283,293,158,149,28,82,107,466,90,7,28,0,22,69,1,101,22,12,24,45,53,4,2
44,201,321,127,56,176,15,3,36,14,9,258,319,29,11,201,186,6,134,16,5,65,15,48,65,3,38,19,430,23,21,28,223,73,167,109,6,0,22,80,12,17,21,67,4,184,107,14,36,18,133,35,1,428,3,8,306,10,0,3,171,31,0,7,25,268,130,192,122,297,339,174,141,33,69,91,433,91,10,32,1,37,88,3,76,32,12,32,67,54,8,4
45,166,350,117,58,157,9,2,28,17,9,272,338,24,10,162,190,6,123,13,3,62,26,58,67,4,38,12,410,25,14,22,246,109,186,126,8,0,21,100,5,14,18,61,7,203,93,6,27,21,119,35,2,396,5,5,314,17,3,3,168,23,1,18,17,279,118,188,127,292,349,139,159,36,72,83,507,85,12,21,0,21,87,1,84,36,8,31,65,47,7,2
46,208,312,106,50,160,13,4,33,16,6,241,346,24,9,180,188,7,143,16,6,72,27,77,63,10,24,15,461,31,22,27,217,107,166,106,5,0,21,75,7,9,9,60,4,187,99,8,27,27,116,31,1,405,6,4,315,10,6,2,153,31,1,14,32,258,151,152,146,297,320,151,129,30,81,106,452,82,4,23,1,35,67,0,109,28,17,30,66,44,2,2
47,199,344,111,54,156,18,0,44,14,6,236,301,24,9,177,188,7,119,21,3,79,19,71,47,11,29,17,450,29,17,29,196,95,193,135,9,1,16,78,5,14,13,70,10,189,113,8,28,20,119,28,2,441,4,5,335,13,1,2,159,23,0,11,26,280,129,151,135,297,342,144,136,28,75,86,496,110,5,31,1,35,72,3,90,20,13,25,64,47,2,1
48,161,315,130,57,164,11,5,29,10,6,263,308,23,7,190,179,6,106,16,6,75,31,59,52,18,32,11,419,15,13,27,234,94,170,109,6,0,15,84,7,18,23,65,4,183,90,2,28,20,106,25,3,455,10,4,310,11,7,6,153,30,0,18,22,256,152,155,106,270,366,164,152,31,88,87,487,83,7,30,1,37,79,0,105,33,16,28,68,47,5,1
49,173,303,137,61,165,9,3,33,13,5,244,347,27,11,232,161,7,99,13,6,70,27,66,44,5,21,10,418,21,22,25,221,91,150,109,8,1,17,105,7,17,22,75,4,171,107,8,31,16,114,50,1,429,1,5,290,16,5,6,158,32,1,22,20,300,133,160,143,293,343,165,153,31,101,90,487,93,8,28,4,38,66,0,85,28,13,23,61,59,4,1
50,177,318,111,62,155,21,3,47,19,3,250,316,35,9,210,166,3,139,6,4,68,20,58,63,11,26,12,429,22,15,17,229,109,170,100,3,0,19,98,7,17,15,55,5,188,99,3,24,32,92,34,0,481,6,5,308,16,2,3,161,25,0,12,23,280,163,165,124,300,334,161,165,26,76,84,500,86,8,30,1,31,72,1,100,37,10,25,69,45,1,5
51,208,286,128,51,159,13,3,46,16,9,245,351,38,12,211,183,4,117,11,8,62,19,58,74,5,23,18,438,28,15,27,229,94,177,92,3,0,15,130,8,8,15,51,5,197,98,8,24,23,104,43,5,431,1,6,287,12,5,3,155,31,1,22,35,238,118,174,130,286,343,163,136,22,83,103,461,82,9,23,2,46,74,1,74,27,13,22,59,48,2,1
52,184,324,115,54,147,14,0,38,16,4,259,316,26,13,194,202,3,123,10,4,55,12,57,48,8,36,16,443,23,10,19,250,95,194,128,7,0,17,87,7,7,14,65,5,208,107,6,27,20,128,39,1,445,4,3,323,13,2,4,148,24,0,15,27,268,113,177,120,273,307,180,146,20,65,109,499,107,14,26,3,36,75,0,101,33,12,33,65,63,6,2
53,209,312,110,66,136,16,2,39,16,9,235,329,23,8,193,173,11,136,15,7,74,28,65,63,7,35,8,464,28,15,17,236,91,193,90,10,0,18,91,5,21,5,58,2,176,116,9,25,25,121,32,3,446,4,4,297,19,3,2,152,27,0,14,30,248,141,173,149,302,366,171,143,25,70,101,499,83,9,31,1,44,71,1,94,20,11,30,50,52,6,3
54,166,291,131,60,159,9,2,30,14,7,239,343,36,8,204,161,4,129,12,8,58,31,64,50,10,34,13,439,28,15,20,236,86,167,116,7,0,27,106,7,10,15,64,2,202,102,9,25,23,96,38,1,449,4,5,329,15,2,7,174,35,0,10,26,264,141,193,128,317,346,168,141,30,89,107,477,93,7,34,1,38,82,2,91,22,22,33,50,52,4,4
55,179,316,136,53,150,8,2,46,14,6,244,351,28,14,164,173,2,110,11,5,67,25,53,54,5,27,10,413,16,13,26,246,90,185,107,7,0,21,86,4,11,14,64,5,184,125,6,29,21,113,30,0,487,2,3,318,8,4,2,181,26,0,17,24,254,136,165,137,298,323,156,157,36,60,93,505,87,5,35,1,27,82,1,93,30,12,23,57,53,5,1
56,193,314,122,52,164,10,3,36,16,8,242,311,29,7,179,186,7,113,14,6,87,21,54,58,9,34,13,443,29,22,20,231,96,149,126,12,1,17,106,10,11,20,65,3,207,106,8,28,26,116,43,3,459,1,5,300,17,6,1,175,25,2,14,16,261,139,176,126,313,346,157,155,23,83,104,476,71,9,20,0,38,67,1,75,36,14,30,59,54,5,2
57,186,325,116,51,168,11,3,51,11,5,249,305,28,19,172,170,3,117,14,4,62,26,76,55,7,31,10,385,25,16,21,270,92,176,99,8,0,20,99,9,15,15,52,7,182,126,9,24,12,111,36,3,492,2,5,300,13,4,8,166,30,2,17,21,281,133,179,158,300,317,166,151,19,67,72,490,78,13,25,0,26,70,0,96,26,16,29,71,35,4,6
58,198,316,109,49,160,6,4,45,17,4,261,340,33,12,230,206,4,122,12,6,70,22,60,44,12,26,18,459,24,21,23,234,92,176,103,8,0,23,90,17,11,11,76,4,181,118,7,28,17,129,44,3,452,6,6,316,19,4,5,158,36,3,11,30,246,121,162,132,302,307,174,167,23,71,92,466,91,8,25,2,39,85,2,86,17,10,27,71,44,6,3
59,186,317,125,60,162,13,3,34,14,6,230,312,25,9,194,187,5,134,12,4,55,19,64,56,13,26,13,453,24,30,17,234,84,166,130,4,2,21,94,6,9,24,74,4,222,102,6,32,30,118,35,3,457,3,5,299,22,0,8,161,31,2,12,29,261,132,171,137,279,338,177,155,34,76,88,458,76,10,30,0,31,63,0,96,25,12,33,59,49,3,4
60,175,341,126,53,194,11,5,48,20,9,251,316,32,11,195,187,9,129,11,1,77,34,55,66,7,31,16,454,26,10,18,276,100,182,120,9,1,15,98,5,19,12,84,4,217,93,11,29,8,126,35,3,464,3,5,292,18,8,2,164,27,0,12,18,261,135,179,124,300,334,149,169,27,80,133,498,103,8,23,0,31,85,1,99,15,14,29,71,52,5,4
61,168,336,121,55,159,13,0,43,19,7,213,329,25,14,192,172,4,113,14,6,62,32,55,78,9,30,9,441,27,20,23,196,98,180,100,4,1,16,91,7,9,21,67,5,193,118,6,29,30,118,44,1,453,2,2,340,17,5,9,140,24,1,18,24,292,111,174,120,305,358,165,148,25,78,115,474,91,9,27,4,29,70,1,106,32,12,30,68,42,11,4
62,175,315,142,65,175,16,1,44,18,4,233,339,30,8,185,165,10,130,8,4,82,27,59,56,9,27,10,443,34,14,27,233,122,197,102,11,1,30,102,9,18,17,62,7,179,107,2,27,20,125,37,2,479,0,5,309,14,4,2,158,30,1,14,28,296,123,171,117,256,336,156,145,20,73,78,488,91,16,25,0,42,73,1,94,31,15,35,42,45,8,1
63,169,316,120,43,186,8,2,51,14,10,243,299,26,7,194,172,7,130,11,7,74,18,65,53,9,35,11,398,27,23,23,228,81,184,122,7,2,22,103,8,24,10,62,4,224,101,5,32,22,112,24,5,450,3,7,307,12,5,3,172,28,1,5,31,265,111,180,120,275,325,165,144,29,57,91,486,90,2,29,0,37,74,2,89,33,9,27,68,48,3,4
64,202,326,132,51,192,14,4,47,18,3,252,286,32,12,180,169,3,139,14,2,61,29,52,56,3,37,18,454,29,18,30,230,96,182,107,11,0,27,99,4,8,20,66,6,167,102,9,25,19,116,32,1,468,4,3,277,23,4,6,169,32,0,10,23,269,129,164,114,320,324,150,149,31,63,99,468,77,13,32,1,37,82,0,106,25,14,26,60,45,9,5
65,187,342,113,62,143,16,4,35,13,10,243,305,30,8,196,179,6,113,18,5,79,17,58,52,13,23,17,450,25,10,21,230,85,175,121,7,0,11,88,9,27,21,77,7,202,115,8,36,17,118,37,5,456,3,6,303,10,3,4,169,28,1,8,42,260,126,162,134,326,332,164,145,23,58,95,491,97,12,41,2,41,66,0,91,29,15,35,50,45,2,3
66,209,321,141,51,168,10,2,34,13,5,224,352,27,12,211,181,2,137,11,4,74,23,60,52,4,31,10,417,28,29,26,256,113,178,97,9,0,18,99,2,11,18,45,4,185,104,13,26,15,115,32,1,447,4,4,296,10,4,9,155,18,0,11,31,250,122,187,116,242,360,184,154,25,75,93,480,93,11,23,1,26,73,0,92,28,9,30,59,36,4,3
67,209,326,124,53,175,13,3,34,17,7,269,384,25,8,194,172,9,126,13,6,68,17,57,43,10,24,10,439,39,11,28,242,78,169,110,5,0,17,91,7,19,10,63,4,198,107,10,30,21,113,35,0,439,2,14,304,12,2,3,160,14,0,17,27,246,162,176,115,300,336,159,136,24,76,112,531,82,10,26,0,25,76,0,81,18,8,31,73,43,5,5
68,201,342,132,47,145,6,1,42,20,6,248,315,21,11,203,184,5,131,14,1,60,26,54,58,8,31,14,469,27,18,20,225,98,192,116,8,0,30,97,4,15,20,66,2,199,98,10,25,19,129,43,0,462,6,3,287,16,4,3,171,26,0,13,21,238,141,171,140,279,326,167,147,29,71,90,469,75,15,31,2,32,76,1,92,28,11,36,65,46,10,5
69,161,316,148,54,158,14,1,42,15,10,269,343,37,8,182,182,5,114,12,5,79,21,49,44,7,34,14,425,30,16,18,208,103,156,109,2,0,13,80,6,17,15,66,2,168,119,7,34,25,110,29,1,483,2,7,296,8,0,2,160,16,1,14,28,258,127,170,134,293,372,167,161,27,83,99,491,84,4,21,1,30,74,3,89,21,16,26,75,53,9,0
70,166,347,132,62,172,14,3,34,11,9,260,311,27,12,186,170,3,113,17,4,60,29,51,51,4,34,11,434,22,18,16,248,84,154,121,4,1,14,97,5,21,12,65,4,205,127,7,24,20,123,28,1,452,3,6,309,9,1,7,159,29,0,15,20,251,117,152,141,283,370,170,161,21,56,101,480,76,14,32,0,35,74,0,91,26,14,27,69,52,7,6
71,215,345,127,51,168,10,5,41,27,9,247,302,24,11,189,189,7,126,10,6,58,18,59,68,9,27,11,421,26,14,27,200,101,155,117,6,0,16,89,5,16,11,63,6,188,94,9,26,21,97,34,1,486,4,5,306,17,3,6,177,24,0,15,25,253,113,169,103,298,348,171,153,30,75,85,465,89,12,29,0,35,65,2,102,44,19,33,60,54,4,4
72,200,338,135,60,139,18,3,39,16,7,247,323,26,9,214,166,7,131,14,4,84,17,48,46,9,28,10,412,22,16,18,218,103,174,110,5,0,23,107,13,15,10,76,3,175,107,13,29,18,124,27,0,480,3,6,300,9,5,6,187,14,0,11,21,244,112,155,125,305,335,186,163,23,84,108,521,91,11,25,1,37,71,0,88,28,13,22,72,48,8,2
73,169,332,112,63,183,18,1,25,13,5,256,338,25,7,194,170,10,141,15,8,95,19,45,71,12,28,10,467,24,19,27,234,109,148,102,10,0,14,90,6,12,17,54,2,189,94,10,25,18,123,35,1,430,7,5,302,10,4,3,145,32,0,13,30,253,125,157,139,305,308,177,133,23,83,99,473,84,12,21,2,36,66,3,80,32,18,26,64,55,4,2
74,185,333,109,54,148,23,3,35,14,12,235,323,31,10,199,173,7,133,10,6,58,27,58,46,10,34,9,456,27,20,19,228,84,167,113,5,1,19,101,10,17,20,59,6,180,103,9,30,26,107,38,4,453,7,4,299,14,3,5,164,24,1,10,30,242,114,180,135,294,302,145,149,39,78,94,487,74,7,22,1,31,74,2,89,23,15,34,70,58,4,1
75,190,337,127,63,150,6,2,37,13,2,244,338,22,6,194,178,2,132,14,5,60,26,43,64,8,27,14,486,22,18,23,214,96,185,122,7,0,32,96,7,13,21,56,7,181,82,8,29,19,120,33,0,477,4,8,335,21,3,5,167,21,0,11,27,258,137,181,133,286,347,171,143,23,70,105,483,97,7,20,2,26,75,1,93,22,13,28,55,45,5,3
76,174,333,144,62,168,7,3,44,7,2,235,327,36,10,183,164,9,126,22,3,88,22,72,46,4,34,19,421,30,23,30,225,85,176,127,10,0,17,92,6,17,14,65,1,186,98,14,31,14,119,25,1,471,3,2,305,12,6,4,151,28,0,8,37,275,126,153,116,281,347,155,154,29,69,117,471,94,9,31,1,32,81,3,91,25,11,23,69,49,4,0
77,189,313,113,53,182,9,5,45,17,7,231,325,27,5,182,168,5,111,9,4,58,21,77,52,9,29,11,436,27,18,21,245,95,191,111,4,0,23,76,6,9,15,62,7,198,101,11,32,25,117,36,2,441,6,3,324,11,1,5,158,26,2,11,25,273,108,161,127,295,321,171,147,29,75,99,497,78,10,40,3,48,76,0,105,19,11,27,54,52,6,5
78,200,336,120,47,151,13,4,45,10,5,262,319,30,8,198,181,7,106,13,6,68,16,49,48,16,28,15,448,27,10,18,234,84,208,111,6,0,22,99,5,11,17,69,4,214,113,11,24,17,120,37,4,455,0,5,312,17,3,5,163,26,1,8,24,260,134,187,130,281,303,157,171,20,84,93,467,92,6,32,0,43,66,1,99,28,16,29,72,49,2,5
79,201,342,118,51,163,11,3,45,10,7,227,356,21,13,212,167,4,116,8,6,52,20,50,53,8,31,12,478,30,21,24,221,97,173,109,7,0,18,98,6,14,19,71,3,207,105,14,25,37,108,38,1,483,2,7,312,21,4,0,171,27,0,11,22,270,135,205,113,317,357,168,157,26,82,100,439,85,5,28,3,25,82,1,79,33,20,22,50,48,6,3
80,214,306,127,70,185,6,1,45,20,4,231,326,26,10,180,175,3,140,19,6,68,33,56,68,8,23,10,447,27,15,19,222,104,152,111,11,0,17,102,5,20,9,70,3,195,111,6,29,18,115,32,2,455,4,4,287,13,4,3,168,33,1,12,28,232,139,169,128,295,340,166,163,29,76,107,473,92,12,23,2,26,69,1,98,32,16,25,71,40,4,4
81,159,329,128,68,165,5,4,46,15,6,239,334,32,5,191,173,6,125,16,5,73,26,55,62,6,17,10,449,27,22,13,233,107,191,111,6,2,18,86,4,17,19,72,8,211,109,6,26,25,122,26,2,488,6,4,326,10,0,3,156,29,2,7,28,242,124,157,130,294,325,188,155,23,67,88,507,93,12,23,2,46,65,1,89,38,17,24,60,51,8,1
82,191,328,119,57,162,13,1,26,22,3,276,328,35,8,218,176,6,136,14,5,55,25,62,57,10,36,10,396,34,21,33,252,114,145,105,4,3,15,85,8,14,17,68,4,202,115,9,33,19,121,46,1,443,3,11,321,12,4,4,153,20,0,11,19,275,112,159,128,299,321,145,152,20,78,97,478,111,6,22,0,27,58,1,84,21,20,26,65,51,5,3
83,194,313,140,65,166,11,0,47,16,5,243,328,17,6,193,173,5,101,11,4,87,23,67,46,7,22,12,442,26,14,24,233,88,177,100,4,1,11,75,8,23,15,65,3,213,98,6,29,19,117,38,2,423,3,8,276,16,6,6,150,27,0,19,30,255,143,177,108,290,316,152,137,39,84,94,488,101,2,30,6,29,81,3,104,22,18,21,81,58,8,4
84,164,322,146,51,144,11,5,48,11,4,250,346,32,10,177,182,7,111,6,6,62,21,61,74,6,31,16,392,34,23,25,224,107,163,104,8,0,25,91,7,10,20,62,4,185,87,6,31,22,114,27,1,460,3,5,327,8,2,10,151,26,0,18,19,273,147,173,131,276,337,179,173,37,77,87,496,84,13,24,3,33,72,2,101,28,10,26,63,47,3,3
85,173,319,116,55,177,18,4,41,12,4,235,333,25,19,202,175,5,120,12,4,64,22,63,59,4,24,5,468,26,16,23,237,83,161,110,9,1,23,72,4,16,18,76,4,185,104,11,24,22,101,33,3,448,2,5,297,16,6,3,164,21,2,14,22,250,118,161,162,299,324,164,169,32,63,86,489,90,8,27,2,40,56,1,104,31,16,22,62,44,0,4
86,164,328,118,63,170,13,3,44,14,2,229,321,33,9,197,185,6,130,9,8,74,27,58,58,7,31,7,450,28,15,17,237,90,163,100,7,1,17,101,8,16,19,65,2,202,121,11,30,14,120,36,3,441,4,6,333,15,1,7,152,31,1,17,25,260,122,162,135,301,311,162,149,30,80,99,467,111,7,24,3,27,74,1,94,28,15,28,63,55,8,4
87,178,355,139,50,134,17,3,33,15,4,258,349,23,7,204,170,8,96,13,10,58,26,54,61,9,29,15,421,23,17,21,246,89,139,121,9,1,14,87,6,7,14,80,4,179,108,12,30,22,125,20,3,488,7,6,304,17,3,2,155,34,1,15,30,264,126,172,126,267,305,164,154,38,77,87,457,85,12,24,1,27,72,1,111,31,13,23,52,44,3,4
88,183,351,141,50,166,10,6,36,16,3,238,336,29,7,184,168,2,117,11,6,53,29,67,52,8,34,11,458,41,13,27,193,105,170,115,11,0,21,77,6,17,17,72,10,169,95,7,31,17,126,41,2,421,4,8,319,14,3,9,168,31,0,13,28,241,142,181,133,262,317,134,131,30,83,98,489,80,8,20,2,26,85,2,95,28,14,24,63,51,6,4
89,191,300,125,52,166,19,2,35,29,11,254,319,21,11,196,190,4,127,11,9,82,23,63,58,4,29,15,424,18,10,18,230,88,195,122,8,0,16,85,3,13,16,71,5,191,100,8,31,20,115,29,2,469,4,3,312,11,2,6,155,27,0,21,22,259,139,178,126,288,364,134,147,15,73,111,501,84,10,29,0,28,60,0,77,26,16,30,60,47,6,3
90,205,336,128,44,155,16,2,38,26,4,274,314,31,15,170,161,4,125,16,5,73,19,54,56,7,31,12,449,29,15,21,239,110,191,108,8,0,23,102,8,15,21,78,8,177,97,7,22,21,106,28,2,463,5,5,299,15,4,5,170,33,1,14,22,241,118,174,133,303,304,157,121,24,92,117,481,82,12,21,3,36,76,1,95,31,13,24,65,50,5,2
91,204,344,124,63,158,12,4,49,14,2,246,341,30,13,183,185,8,110,21,5,78,19,72,42,5,30,17,415,37,20,18,230,96,185,106,4,0,21,85,9,11,15,57,6,173,118,8,26,22,117,28,5,451,4,8,329,9,2,7,173,23,0,18,24,234,141,167,134,307,355,143,147,34,86,106,495,99,12,26,1,42,80,2,84,21,12,24,60,42,5,3
92,204,326,122,65,151,14,5,42,11,4,226,312,40,11,174,168,6,127,13,5,79,22,58,48,9,34,9,423,36,18,25,243,89,167,122,6,0,22,91,11,9,19,64,4,197,92,10,28,14,114,24,1,456,4,9,316,20,2,2,169,33,1,19,23,268,115,178,109,304,323,142,150,21,68,101,453,83,5,35,4,33,75,1,115,27,19,20,71,48,3,3
